loyalty_tier,customer_count,average_age
Bronze,342,48.55555555555556
Gold,141,51.98581560283688
Platinum,48,52.583333333333336
Silver,219,49.602739726027394
