loyalty_tier,customer_count,average_age
Bronze,338,47.96153846153846
Gold,141,51.156028368794324
Platinum,50,46.1
Silver,221,47.83710407239819
